id;name;url;document;document_content_type
1;invoice infomediaries;https://garfield.info;../fake-data/blob/hipster.png;image/png
2;24/7;https://erling.info;../fake-data/blob/hipster.png;image/png
3;Forint transparent;http://nikki.org;../fake-data/blob/hipster.png;image/png
4;neural El Salvador Colon US Dollar;http://laron.info;../fake-data/blob/hipster.png;image/png
5;Chicken Automotive azure;https://nina.net;../fake-data/blob/hipster.png;image/png
6;Chicken Intelligent Cotton Car pricing structure;http://merl.name;../fake-data/blob/hipster.png;image/png
7;Down-sized fault-tolerant Rustic;https://nat.org;../fake-data/blob/hipster.png;image/png
8;white;http://luella.org;../fake-data/blob/hipster.png;image/png
9;Multi-tiered Technician Buckinghamshire;http://garett.name;../fake-data/blob/hipster.png;image/png
10;Operations Money Market Account;http://nestor.biz;../fake-data/blob/hipster.png;image/png
