id;legal_rep_person;last_name;first_name;birthdate;nationality;nin;place_of_birth;city_of_birth;type_of_identity;identity_id_number;nin_cedeo;issued_date;expiry_date;region;department;arondissement;commune;qartier;address;land_line_number;mobile_number;email
1;Village;Crist;Jennyfer;2020-02-14;web-enabled programming;Incredible Auto Loan Account Wooden;Home Loan Account invoice Customer;Alabama;Tunisian Dinar;Money Market Account;Money Market Account invoice;bandwidth archive;Fundamental;Sleek Rubber Table input Car;utilize Cotton;Coordinator override;Sleek Fresh Pizza redefine;Latvia action-items Metal;District Liaison;overriding;Direct Customizable Optimization;Nat68@gmail.com
2;Virginia;Bergstrom;Jeanne;2020-02-14;JSON scale digital;Future;info-mediaries Ireland;harness monitor South Carolina;RSS Texas Integration;primary Internal;Small;world-class Face to face Burgs;Human customer loyalty purple;Innovative Movies Afghanistan;silver Licensed Steel Mouse Small;deposit Uzbekistan Sum;Sleek Rubber Bike workforce;Cote d'Ivoire deposit generate;array lavender e-enable;indexing Bacon input;generate Home Loan Account Games;Osborne33@yahoo.com
3;calculate static;Cole;Freddie;2020-02-14;Generic Facilitator Dynamic;reboot back-end capacitor;viral proactive;redundant Massachusetts Gibraltar;Up-sized Internal;Walk SAS Georgia;Awesome Developer heuristic;Cambridgeshire neural;payment Architect bandwidth;capacitor;Beauty;Mission;Heard Island and McDonald Islands monitor;expedite;Bedfordshire;Accountability Sharable;compress Car vortals;Queenie.Herzog@hotmail.com
4;withdrawal;Brekke;Damian;2020-02-13;Regional;withdrawal;knowledge user Avon Clothing;Rustic Soft Bacon magenta Handmade;Ergonomic Home Loan Account Rubber;Consultant reintermediate;Junctions lime;Berkshire;lavender eyeballs;Honduras;schemas invoice;Shirt;Savings Account Grocery;Creative;Intelligent Rubber Shirt French Guiana;synthesize alarm;synergies;Adan_Bernier@gmail.com
5;Tasty;Walker;Noemy;2020-02-14;compelling Direct Tasty;Park Architect Unbranded Plastic Mouse;Assimilated Ergonomic Granite Ball;hybrid matrix;Baby;Unbranded;Engineer technologies;Brazilian Real;Hawaii;Berkshire Checking Account;District Incredible;violet reciprocal Loop;firmware Small;CSS;program New Leu Wooden;Tools;Kina;Karl.Howe@gmail.com
6;Soft;Bauch;Carolanne;2020-02-14;24 hour Investor;Handmade Frozen Soap;Shirt Auto Loan Account Borders;generating;frictionless;HTTP 24/7;Outdoors Industrial;transmitting National;Inlet;synthesize;Intelligent Cambridgeshire;product;Unbranded;withdrawal Associate;Awesome Rubber Cheese compressing;Solomon Islands Dollar scalable;interactive Points;Emmy14@hotmail.com
7;UAE Dirham Credit Card Account;Schaden;Jadyn;2020-02-14;compressing generating;networks Mandatory input;synthesize navigate;payment optimal;Personal Loan Account;Toys;hard drive world-class;program;Bedfordshire Architect Spurs;Avon;5th generation;optical Handmade Frozen Soap;Customizable withdrawal;Assurance input calculating;mobile Sleek Books;Bypass visionary multimedia;Chief;Manuela.Beahan@gmail.com
8;Liaison multi-byte;Durgan;Kimberly;2020-02-14;Multi-tiered Florida Investment Account;copying;Producer Cambridgeshire SMTP;Lebanese Pound Exclusive;array;Functionality;maximized green Cordoba Oro;Movies explicit index;Savings Account;Guam;TCP;COM Designer Streamlined;Senior;firmware bandwidth;e-markets bus;Metal Home Loan Account Industrial;Buckinghamshire;Garett57@hotmail.com
9;Automotive;Konopelski;Cristopher;2020-02-13;Borders optical Intelligent Cotton Mouse;heuristic;invoice AGP;Jewelery;Drive Associate Czech Koruna;Money Market Account Common;Generic IB;Central Customer;Producer;cross-platform;Industrial Senior;Tasty;Computer Investor;Architect;National;cyan orchid Mouse;cross-platform;Milo_Upton@gmail.com
10;Virtual;Goyette;Annamae;2020-02-14;override Guyana Dollar;Future Prairie aggregate;Computer communities;transparent;Computer architecture Health;intermediate Azerbaijanian Manat Awesome;Savings Account magenta;experiences Car AGP;Mississippi Orchestrator generating;Towels Dalasi Tasty Rubber Soap;Associate;Bedfordshire experiences Forward;Investment Account;Rubber Chips Forge;Handmade Plastic Fish Group Circles;Pizza mobile Supervisor;Bedfordshire bluetooth;Katelin_Cummings@gmail.com
